Price,Close,High,Low,Open,Volume,RSI_14
Ticker,5439.TWO,5439.TWO,5439.TWO,5439.TWO,5439.TWO,
Date,,,,,,
2023-01-03,43.7483024597168,43.7483024597168,43.56213876037107,43.701762422574674,151000,
2023-01-04,43.7483024597168,43.98100619620465,43.7483024597168,43.79484249685892,63000,
2023-01-05,43.7483024597168,44.21370993269251,43.60867879751319,44.21370993269251,63000,
2023-01-06,44.9583625793457,45.144526284488755,43.74830382208189,43.74830382208189,272000,
2023-01-09,45.88917541503906,45.9357154514609,45.05144410711439,45.05144410711439,418000,
2023-01-10,45.93571853637695,46.02880216624905,45.65647474831549,45.98226212670171,168000,
2023-01-11,46.075340270996094,47.00615522596571,45.79609649466066,46.35458404733153,356000,
2023-01-12,45.88917541503906,46.49420654085452,45.79609534219538,46.49420654085452,97000,
2023-01-13,45.47031021118164,45.98226128921029,45.47031021118164,45.98226128921029,100000,
2023-01-16,45.42376708984375,45.703010853868655,45.284146983219856,45.42376708984375,114000,
2023-01-17,45.144527435302734,45.51685485508012,45.144527435302734,45.470311264524874,159000,
2023-01-30,48.030052185058594,48.86778709848647,46.0753421214301,46.0753421214301,980000,
2023-01-31,49.053951263427734,49.426275133365614,47.93697255205922,48.216216342206984,679000,
2023-02-01,51.00865936279297,51.00865936279297,49.14702943312332,49.98476432178558,1070000,
2023-02-02,50.8224983215332,51.194825747278955,50.07784702081919,50.915581953358384,649000,88.31934014203816
2023-02-03,51.846397399902344,52.40488499240728,51.194826174794905,51.66023368547486,1294000,89.93005101772889
2023-02-06,50.91558074951172,52.311803236879804,50.26400954525113,52.311803236879804,749000,79.2333489238595
2023-02-07,52.218719482421875,52.77721060650043,51.10174433581956,51.10174433581956,1016000,82.39116529027885
2023-02-08,52.218719482421875,52.77721060650043,51.9394756957713,52.77721060650043,664000,82.39116529027885
2023-02-09,53.98727035522461,54.26651414690649,52.49796776573629,52.59104784603777,1540000,85.79177317434812
2023-02-10,53.80110549926758,54.359596621527324,53.335698006106476,53.335698006106476,589000,83.95383331525494
2023-02-13,53.42877960205078,54.359594552952174,53.14953227615857,53.987267152280715,434000,80.25090079633395
2023-02-14,52.87028884887695,53.80110380590217,52.87028884887695,53.80110380590217,451000,74.91335126356849
2023-02-15,51.5671501159668,53.056452629104434,51.28790278782337,52.68412522543139,843000,64.18601772908286
2023-02-16,52.87028884887695,52.96337247504584,51.660230114899626,51.93947389185173,522000,68.97104475035593
2023-02-17,54.91808319091797,55.19732697156378,52.59104576757399,52.77720947159697,952000,74.69308980361347
2023-02-20,54.452674865722656,55.848897298177086,54.359594790536605,54.918082343207466,1054000,71.46738583326274
2023-02-21,54.73191833496094,55.104245735170586,54.35959448552853,54.45267456019232,296000,72.24196595670863
2023-02-22,56.6866340637207,57.33820171325293,54.63884038450937,54.825004091851746,2045000,76.95757897838803
2023-02-23,57.245121002197266,58.17593597784275,57.152040924943655,57.80360856727362,1510000,78.10220580533206
2023-02-24,58.082855224609375,58.36209900389766,56.59354915044304,57.24512033596723,1433000,79.72884844847069
2023-03-01,58.64134216308594,59.10674964057075,57.52436350696694,57.71052720811632,1164000,80.7552010975714
2023-03-02,59.94448471069336,60.03756478617497,57.803607466843594,58.82750605102767,3714000,82.92731946697376
2023-03-03,59.75831985473633,60.40989461234759,59.385995987100856,60.40989461234759,957000,81.51191146712823
2023-03-06,60.40989303588867,62.550763208173585,60.31681295910318,60.50297311267417,3225000,82.62941437963467
2023-03-07,59.94448471069336,60.782219593136944,59.85140463521175,60.596052340619174,968000,78.95820181234757
2023-03-08,61.61994934082031,61.899196677732746,60.130646780915136,60.223726859367694,1827000,82.05008484809849
2023-03-09,61.52687072753906,61.89919815177048,61.06146322263854,61.71303799043224,723000,81.33506622444784
2023-03-10,61.24762725830078,61.340707334065364,59.94448489293286,61.154540080981626,1123000,79.10778354533444
2023-03-13,60.968379974365234,62.55076256819258,59.479077456371044,62.08535508747224,1580000,76.84165348019437
2023-03-14,60.968379974365234,61.61994760675189,60.50297249364489,60.968379974365234,857000,76.84165348019437
2023-03-15,60.22372817993164,61.34071045051938,60.037568018944484,61.2476303700258,569000,70.58804855048965
2023-03-16,59.85140609741211,60.50297374325606,59.01367119450224,59.292914978546406,1079000,67.62465690179549
2023-03-17,61.713035583496094,61.80611566053489,60.037565790578995,60.40989320028887,1523000,73.59392255459832
2023-03-20,61.713035583496094,61.89919573757369,61.15454091815395,61.34070817378622,600000,73.59392255459832
2023-03-21,61.24762725830078,62.36460237058495,61.061460005217036,62.17844221905578,642000,69.85934647440386
2023-03-22,61.89919662475586,62.830011611594294,61.24762897459087,61.619949288082424,949000,72.00147583158753
2023-03-23,62.830013275146484,63.016173436821234,61.80611818282546,62.08535842533758,1027000,74.76110962578872
2023-03-24,62.45768737792969,63.20234224595252,61.992279860804196,63.20234224595252,771000,71.71618007755174
2023-03-27,63.76082992553711,63.76082992553711,62.550767538882965,63.01617505658761,1157000,75.48034939771162
2023-03-28,59.57215881347656,65.06396862440488,59.57215881347656,64.6916412115097,3477000,51.67477361981948
2023-03-29,61.154541015625,61.89919583623161,60.130645963456914,60.130645963456914,1559000,57.17030375737678
2023-03-30,62.923091888427734,63.853906878201975,61.61994948243284,61.61994948243284,3472000,62.32684546215369
2023-03-31,62.178443908691406,63.388499129622176,61.154541742793754,63.388499129622176,1667000,59.1004156805079
2023-04-06,62.7369270324707,62.7369270324707,61.154537407433224,61.99227225579962,850000,60.741839528968235
2023-04-07,62.923091888427734,63.10925914731546,61.99227689865349,63.0161719670942,1166000,61.2993998667403
2023-04-10,63.57466506958008,63.57466506958008,62.736930179195035,63.01617040828697,1655000,63.26584642877863
2023-04-11,63.76082992553711,63.946990091996916,61.8061197714886,63.76082992553711,2597000,63.831325100080406
2023-04-12,65.6224594116211,66.55327443873628,63.5746691925897,63.5746691925897,4465000,68.9746414225359
2023-04-13,63.66774368286133,65.99478104625864,63.57466360863633,65.43629349935418,2450000,59.419925451540294
2023-04-14,62.7369270324707,64.31930955595392,62.643846960775385,63.94698216761838,1742000,55.478797045476476
2023-04-17,62.923091888427734,63.48157946198132,62.36460431487415,62.45768439354062,873000,56.1058630193978
2023-04-18,62.085357666015625,63.295420006766946,62.08535766601563,63.295420006766946,816000,52.52099993771513
2023-04-19,59.29291534423828,61.89919659602051,59.10675163680154,61.89919659602051,4366000,42.72205901636237
2023-04-20,59.29291534423828,60.03756662320786,58.45518043616163,58.641344143598374,1512000,42.72205901636237
2023-04-21,58.36210250854492,59.851408672144174,57.61745120213405,59.29291752925288,1594000,39.84797210582671
2023-04-24,59.29291534423828,59.94448654487818,58.26901672872489,58.45518043616163,559000,43.91152604146065
2023-04-25,58.17593765258789,59.47908007631684,57.71053015136719,59.47908007631684,1128000,40.3857798295859
2023-04-26,58.827510833740234,59.38599843358982,57.896695800139206,57.896695800139206,688000,43.24833904042477
2023-04-27,60.316810607910156,60.78221807525035,58.45517718777222,58.827504581955246,1100000,49.2471929467426
2023-04-28,60.968379974365234,61.526867530918736,60.31681234197858,60.78221982269893,1167000,51.654909210920934
2023-05-02,61.61994934082031,62.17844401464518,60.968381690097665,61.713036520827636,967000,54.00477300052385
2023-05-03,62.923091888427734,64.0400741370897,61.526869403766376,61.7130366626541,3154000,58.36368902920477
2023-05-04,64.59856414794922,65.15705174257457,62.27152658571441,62.83001418033976,3520000,63.19340291341569
2023-05-05,64.69164276123047,65.43629760485939,64.22623525935111,65.15705026310982,2628000,63.44707265665927
2023-05-08,66.64634704589844,66.83251429137349,64.69163712851321,65.52937197926525,4962000,68.37622810889044
2023-05-09,66.92559814453125,67.76333304261406,65.71553583601666,67.57716578662084,5784000,69.01898175366794
2023-05-10,68.32182312011719,69.34571821029375,66.18094575756668,68.32182312011719,7365000,72.07508444386842
2023-05-11,66.46019744873047,69.15956257327707,65.52938237830443,69.06647538499014,4521000,63.13279158161628
2023-05-12,68.41490173339844,68.50798181204448,66.27402441676541,67.76333408132132,3108000,67.66866343855637
2023-05-15,66.64634704589844,68.97338435267949,66.46018690197766,67.39100182469008,2836000,60.42498465446682
2023-05-16,67.0186767578125,67.67024438566942,66.274021953215,66.5532692803277,1224000,61.36270256294853
2023-05-17,67.29792785644531,67.94949552081748,66.83252035287806,67.11176059408545,860000,62.08826806041424
2023-05-18,70.55577850341797,70.55577850341797,67.48408622101208,67.94949371219147,7083000,69.32544399508252
2023-05-19,69.90420532226562,71.20734774709867,69.34571774063858,69.90420532226562,4917000,66.58761887641646
2023-05-22,70.64885711669922,72.13815963728713,69.81112222963272,70.74193719269448,4496000,68.13637470445556
2023-05-23,70.55577850341797,71.30042622837216,66.36711108280342,71.02118599459736,6941000,67.71386713744224
2023-05-24,73.81363677978516,74.93061200633827,70.64886416914428,72.1381668384002,11031000,73.83056218040497
2023-05-25,73.34822082519531,75.11676354713306,72.4174058761525,73.53438097438207,5122000,71.73956568575383
2023-05-26,74.93061065673828,75.86142569595242,72.88282041108924,72.97590049469962,5899000,74.39479639828639
2023-05-29,75.20985412597656,81.81863914286879,74.6513594500395,77.44380442350563,12493000,74.84397562442422
2023-05-30,76.23374938964844,77.25764446221014,75.02368705744972,75.02368705744972,4461000,76.47365820624941
2023-05-31,76.6060791015625,77.0714866122608,75.58217689678222,76.3268317545215,1670000,77.05575032668693
2023-06-01,77.90921020507812,77.90921020507812,76.60607492737346,76.88531515764389,2076000,79.01294456146034
2023-06-02,76.14066314697266,79.02618797299051,76.14066314697266,78.37461326933858,3564000,70.25413378416918
2023-06-05,75.67526245117188,76.79223761218167,75.20985495049199,76.60607745253165,1811000,68.11429882250526
2023-06-06,74.74444580078125,76.41990850533143,73.90671089772879,75.7683408593766,2729000,63.9208374205114
2023-06-07,73.6274642944336,75.30293411718624,73.53438421573729,74.46519920580991,2404000,59.210021831038326
2023-06-08,73.25513458251953,73.53438191141255,71.76583206538412,72.9758943551811,3276000,57.68394980022614
2023-06-09,77.25764465332031,77.443804811863,73.34822451148507,73.62746474929911,6028000,67.40857002687042
2023-06-12,78.18846130371094,82.00480144703344,77.6299737147097,80.98090635027204,14600000,69.18228701561318
2023-06-13,76.51299285888672,78.1884627586221,76.23375260996757,77.25764772578137,4694000,62.580290680701886
2023-06-14,78.93311309814453,79.30543340868154,77.44380344977769,77.72305078423516,4981000,67.41706612819965
2023-06-15,78.74694061279297,80.51549037663688,77.81612569514398,79.67775553044194,3744000,66.70279550690546
2023-06-16,77.25764465332031,78.93311448642389,77.16456457404897,78.37461980768614,2643000,61.12382976899483
2023-06-19,77.81613159179688,78.09537892887371,75.95450161543066,76.69915644659906,1457000,62.394061006310594
2023-06-20,76.41990661621094,77.72304897746132,76.41990661621094,77.72304897746132,943000,57.349151553688316
2023-06-21,78.18846130371094,78.46770864898905,76.41991135391123,76.41991135391123,1781000,61.58603953894704
2023-06-26,78.37461853027344,79.86392818056036,77.53689072893046,78.46770570958242,3053000,62.013790852811326
2023-06-27,75.8614273071289,78.65387248407843,75.8614273071289,78.09538486899959,2349000,53.37298791226161
2023-06-28,77.16456604003906,79.02619606705301,76.32683110757179,76.32683110757179,2647000,56.73897487455772
2023-06-29,80.5155029296875,80.5155029296875,78.00230510082807,78.37462544469216,5025000,63.946450045842994
2023-06-30,78.0022964477539,81.35322888168733,77.35072171516255,80.79474132629085,3986000,56.362073038513785
2023-07-03,83.58718872070312,84.23875637135133,78.18845895241449,78.28153903085642,7084000,66.00986059059548
2023-07-04,83.68026733398438,84.33183497322426,81.3532299059067,84.05259474278773,4273000,66.14420402195704
2023-07-05,81.53939056396484,84.23875541754519,81.44631048657683,83.58718777427445,2791000,60.24602021025517
2023-07-06,79.86392974853516,82.37712740501537,79.86392974853516,80.98090490662528,2503000,56.03476688692966
2023-07-07,84.23876190185547,84.33184198640835,78.74695169457263,79.7708468277648,8068000,63.25697105977455
2023-07-10,83.02869415283203,86.37963379345292,82.47020657991348,85.1695714675004,15350000,60.306071717005686
2023-07-11,84.33183288574219,84.42491296025034,82.56328306386948,84.1456727367259,8520000,62.34336326027058
2023-07-12,88.24126434326172,89.07899215729607,84.79724460174056,85.07649194078856,17660000,67.69943995741559
2023-07-13,93.54691314697266,96.8047658436334,90.28906045031192,91.03371533588506,25157000,73.25849191932039
2023-07-14,102.85505676269531,102.85505676269531,95.87394431273862,97.27016680272995,16974000,79.82019877706374
2023-07-17,105.64750671386719,108.43995182524694,103.32046912105073,105.64750671386719,13927000,81.30245259591526
2023-07-18,100.52801513671875,109.37075720893013,99.59720018174913,109.37075720893013,8327000,71.00518755861596
2023-07-19,100.52801513671875,104.71668243408203,99.13179270426433,102.38964504665799,5182000,71.00518755861596
2023-07-20,103.78587341308594,104.2512809171805,100.52802088442405,101.92424339670771,4490000,73.48377717336506
2023-07-21,102.63482666015625,103.59403064763434,96.40000074154862,101.67562267267814,8359000,71.16894087177323
2023-07-24,107.43084716796875,109.82885714939663,103.59403119768415,104.07363319396973,9692000,74.73955241817875
2023-07-25,101.67562103271484,109.82885479477217,101.67562103271484,107.4308448647553,11001000,64.42802765130139
2023-07-26,103.59402465820312,108.39004431830513,102.63482072618272,104.07362662421333,8446000,66.10663589211444
2023-07-27,103.59402465820312,106.95123842027452,103.11442269219293,103.59402465820312,5198000,66.10663589211444
2023-07-28,102.63482666015625,104.55323463511243,99.75721469772196,103.11442865389529,4144000,64.34587746228506
2023-07-31,104.0736312866211,110.30845712406844,104.0736312866211,105.03283526161299,8727000,65.81665673524844
2023-08-01,102.15522003173828,106.47163777955821,99.27760819985834,104.55322989163824,5291000,62.13615765409607
2023-08-02,99.2776107788086,103.5940286387568,98.7980087943699,101.67562070100203,4654000,56.98824717407462
2023-08-04,100.71641540527344,101.67561936151414,95.82447669207495,99.2776094709124,4038000,58.825097862586524
2023-08-07,104.0736312866211,104.0736312866211,98.79800942416564,100.71641737414944,3712000,62.81545122874934
2023-08-08,105.0328369140625,105.51243890910388,100.23681696364869,103.11442893389697,3738000,63.89215800574349
2023-08-09,106.95124053955078,108.39004646609182,102.63482275992764,103.594026710955,6204000,66.01186217207191
2023-08-10,101.19601440429688,112.22685957632923,101.19601440429688,109.3492477923208,13636000,55.48790366575091
2023-08-11,95.92039489746094,103.59402648925781,95.92039489746094,102.1552205657959,6460000,47.94263364258167
2023-08-14,94.00199127197266,96.8796032496861,92.46726634748795,93.61830821131505,3242000,45.5187169713525
2023-08-15,97.35919952392578,97.83880149202395,95.44079165153316,96.39999558772948,2230000,50.258292677760785
2023-08-16,98.79800415039062,99.27760611228572,95.05710738397981,95.53670934587491,2349000,52.17839559611443
2023-08-17,101.19601440429688,101.67561636829828,96.87959672828421,97.35919869228562,2600000,55.27701673349144
2023-08-18,95.92039489746094,101.19601661682128,95.53671185424201,100.23681266784668,3101000,47.92049172943894
2023-08-21,98.31840515136719,98.79800712771532,95.92039526962652,97.35920119867092,3751000,51.10577416597041
2023-08-22,92.94686126708984,99.27760567242719,92.37134037899466,98.798003712657,4488000,44.53501630495645
2023-08-23,92.37134552001953,93.52238736027236,90.06925452136834,92.94686644014594,4509000,43.88399616133986
2023-08-24,91.98766326904297,94.38567322226022,91.22029715675521,92.75502206318512,2204000,43.42820710570662
2023-08-25,88.72636413574219,91.69989487558125,88.53452627567977,91.12437397724874,2315000,39.65778647152959
2023-08-28,85.75283813476562,88.72636903892757,85.65691919943376,88.72636903892757,2611000,36.54260602865327
2023-08-29,86.04058837890625,87.47939425359127,85.5609864206779,87.09571854152469,1268000,37.05786416366455
2023-08-30,86.13652038574219,87.38348116964356,86.13652038574219,86.80796024490864,1139000,37.24082257455483
2023-08-31,85.27323150634766,86.90387527281982,84.69771060748367,86.42427330407563,1273000,36.220488233412496
2023-09-01,83.83442687988281,85.84875371572893,83.73850794829879,85.36915173966341,1963000,34.522793759528284
2023-09-04,85.08139038085938,85.84875649466208,83.93034852830093,84.21811265051335,2016000,37.26712800457955
2023-09-05,86.42427825927734,86.52019719489671,84.12218721368399,85.08139120616907,1856000,40.17515951959894
2023-09-06,87.76715850830078,88.34267939554586,85.84875067205377,86.42427155929884,1922000,43.01969230862245
2023-09-07,86.04058837890625,88.05492245798138,85.75283159485632,87.28755639755798,1779000,40.36240765394472
2023-09-08,84.79363250732422,86.71204044948927,84.69771357384506,85.94467434536503,1282000,38.51219926990166
2023-09-11,82.49153900146484,86.23243583841614,81.62825399014604,84.88954885615858,1977000,35.295438792723644
2023-09-12,81.82009887695312,82.5874576368251,80.76496869014306,82.0119367373848,1913000,34.39311799407484
2023-09-13,81.62825775146484,82.29970493260565,81.24457469340518,82.01194080952449,810000,34.12468852950491
2023-09-14,86.7120361328125,87.38347595188661,83.45074132985577,84.98546614355742,3593000,46.124615381978515
2023-09-15,86.42427825927734,87.7671653123856,85.36915533117289,86.90388025551988,2190000,45.61807028505165
2023-09-18,83.93034362792969,86.23243451678194,83.93034362792969,86.04058934045956,1074000,41.37689883152037
2023-09-19,83.73851013183594,84.88955197714922,82.97114402286336,84.69771410897887,842000,41.06067177247429
2023-09-20,82.77930450439453,84.40994830577057,82.77930450439453,84.31402937359763,939000,39.43765095541768
2023-09-21,81.43641662597656,82.58745843599542,80.86089572096714,82.01193753098599,1160000,37.219547262204514
2023-09-22,83.45074462890625,83.45074462890625,80.47721381265477,81.24457259076894,822000,42.44836597477832
2023-09-25,82.20377349853516,83.73850563404628,81.91601671173571,83.45074152910165,1075000,40.2153984377008
2023-09-26,82.10785675048828,83.64258160861841,82.10785675048828,82.58745872603804,883000,40.04091742132577
2023-09-27,81.72417449951172,82.29970273027294,81.05273465448423,82.10785754730405,775000,39.30626895766565
2023-09-28,86.32835388183594,87.28755781385634,82.01193618774414,82.01193618774414,3938000,50.93890200664617
2023-10-02,89.58965301513672,89.68557194931435,86.52019589443326,87.38348093832316,5497000,57.19686328623193
2023-10-03,87.57532501220703,90.74069370872752,87.57532501220703,90.06925385986891,3883000,52.72359579672696
2023-10-04,88.4385986328125,88.53452487947621,85.27323008282939,86.71203596504311,1930000,54.370620753813476
2023-10-05,89.87741088867188,90.64477700752826,89.20597102328179,89.39780889392304,3116000,57.05595897655467
2023-10-06,95.92039489746094,97.35920082092285,90.74069210936898,91.50805819580681,9499000,66.08395954109889
2023-10-11,93.234619140625,99.27760683154217,93.04278128173517,97.83880093543287,4988000,60.0423919137677
2023-10-12,100.23681640625,101.19602039099881,94.57751143260293,94.86527555528583,7755000,68.20399419704444
2023-10-13,104.55323028564453,106.47163818079397,99.27760857398357,99.75721054777094,9900000,72.00061989741421
2023-10-16,108.39004516601562,109.34924910553788,102.63482152888204,105.51243334744883,11385000,74.87274119490482
2023-10-17,110.78805541992188,112.22686133446632,108.39004556234781,111.74725936295151,9897000,76.49555689384651
2023-10-18,99.75720977783203,106.47163735903226,99.75720977783203,105.03283144877507,10233000,57.95387835647862
2023-10-19,102.63482666015625,102.63482666015625,97.83880672276577,98.79801071024386,6852000,60.63451119662785
2023-10-20,101.67562103271484,103.59402897672832,99.27761110269799,101.67562103271484,4247000,59.2778626431758
2023-10-23,100.23681640625,102.63482636812202,99.2776124215012,99.7572144138756,1960000,57.21012624656316
2023-10-24,102.63482666015625,102.63482666015625,99.75721469772196,99.75721469772196,1966000,59.73130744080156
2023-10-25,112.70646667480469,112.70646667480469,105.03283490120097,105.03283490120097,10405000,68.20473845213002
2023-10-26,108.39004516601562,111.2676569845824,107.43084122649336,109.34924910553788,10782000,62.167180955634244
2023-10-27,108.39004516601562,111.2676569845824,106.4716372869711,109.34924910553788,6896000,62.167180955634244
2023-10-30,109.82884979248047,111.26765568495837,107.91044193584325,108.86964586416185,4694000,63.41902256205172
2023-10-31,105.0328369140625,114.62487681489013,103.59403092893835,111.74726484464185,13569000,56.685866695968045
2023-11-01,105.99203491210938,107.43084081589367,101.6756172007565,106.47163688003748,2649000,57.65419390397314
2023-11-02,111.26766204833984,111.74726403992752,107.43084611563847,109.82885607357683,4436000,62.60581184788506
2023-11-03,115.58407592773438,118.46168777655764,111.74726012930336,113.18606605371498,13182000,66.09871507135396
2023-11-06,117.50248718261719,119.4208951366191,114.14527326311384,116.54328320561623,6681000,67.54951316876634
2023-11-07,118.94129180908203,118.94129180908203,115.58407792737407,117.50248585977862,3646000,68.63368739801626
2023-11-08,120.85969543457031,123.25770526462131,117.50248167249892,118.94128757052951,5938000,70.0695533752752
2023-11-09,118.46168518066406,122.29850089501755,112.70646160913383,121.33929696642919,6305000,66.00226459986402
2023-11-10,117.50248718261719,121.81890507912149,117.02288519411671,117.98208917111766,5228000,64.3921727573765
2023-11-13,117.02288055419922,121.81890024904345,117.02288055419922,119.90049237110576,4063000,63.55730273459749
2023-11-14,117.50248718261719,118.94129314811862,114.62487525161431,117.02288519411671,2184000,64.05913547345261
2023-11-15,112.70646667480469,119.90049646255818,112.70646667480469,118.94129249085772,6500000,55.78626373364799
2023-11-16,114.62487030029297,116.06367620364394,111.74725849359106,113.18606439694202,2583000,58.11630617932795
2023-11-17,110.30845642089844,117.98208817191745,108.39004848314367,115.10447626528533,8179000,51.535475983436704
2023-11-20,117.02288055419922,117.50248252368364,109.34924904244845,111.26765692038614,6651000,59.26302595546379
2023-11-21,116.54328155517578,119.90049542713557,115.58407759175869,117.9820875003014,4990000,58.544964528234416
2023-11-22,117.02288055419922,120.8596963100746,115.10447267626152,116.5432785847148,4549000,59.078925466882716
2023-11-23,116.06368255615234,121.81890648455659,115.58408056211866,118.94129452035446,5866000,57.48416627970203
2023-11-24,117.98208618164062,118.46168815798876,114.62487234720369,116.0636782762481,2351000,59.82023860557426
2023-11-27,115.10447692871094,119.90049680074057,114.62487494150798,118.94129282633465,3311000,54.943510867662624
2023-11-28,116.54328155517578,117.02288353688432,115.10447561005014,115.10447561005014,1160000,56.83818596108966
2023-11-29,120.38009643554688,120.85969841337774,116.54328061289996,117.02288259073083,4396000,61.488875050427424
2023-11-30,127.57412719726562,129.49253512504407,117.98208755837348,120.85969945004112,19802000,68.37056601431475
2023-12-01,140.0437774658203,140.0437774658203,128.05372802525352,128.53333000287617,15110000,76.28197927720635
2023-12-04,139.08457946777344,144.36020144758552,138.60497746960868,141.96219145676184,18294000,74.73346070503058
2023-12-05,137.16616821289062,140.04378013344078,131.89054635854868,139.56417814668242,9218000,71.60275440134134
2023-12-06,146.2786102294922,150.11542623551165,135.72736621293865,138.12537621670083,15789000,76.6141448120437
2023-12-07,136.6865692138672,146.7582111559416,135.7273652193839,144.36020116973341,8750000,63.84235282255628
2023-12-08,135.72735595703125,140.52337560215602,135.72735595703125,138.12536577959364,4436000,62.71641875912832
2023-12-11,132.84974670410156,138.12536841437276,131.41094078311852,138.12536841437276,3760000,59.335608429625864
2023-12-12,128.5333251953125,133.3293447921525,128.0537232356285,133.3293447921525,4287000,54.58258087154002
2023-12-13,125.17611694335938,129.97213674961836,125.17611694335938,129.49253476899244,3266000,51.15060056681577
2023-12-14,121.81890106201172,127.57412473423275,121.33929908932664,127.09452276154767,4186000,47.906664233193645
2023-12-15,117.50248718261719,123.7373130331234,117.50248718261719,123.7373130331234,4157000,44.03950128591862
2023-12-18,116.06368255615234,119.90049850842185,114.62487657405129,118.46169252632077,3754000,42.79928762915425
2023-12-19,115.10447692871094,117.50248686472575,114.14527295430501,116.54328289031983,2146000,41.951099785992874
2023-12-20,118.94129180908203,121.81890370768885,116.54328189357635,117.02288387667748,6855000,46.516890140051345
2023-12-21,116.54328155517578,120.38009740884411,116.06367957346724,117.02288353688432,3882000,44.178086583250874
2023-12-22,116.54328155517578,118.94129146371849,116.54328155517578,117.50248551859286,1795000,44.178086583250874
2023-12-25,115.58407592773438,117.50248382694988,114.14527000332274,117.022881852146,1514000,43.171139532214426
2023-12-26,116.54328155517578,117.50248551859286,115.58407759175869,116.06367957346724,956000,44.53265259659805
2023-12-27,119.42089080810547,120.38009475033925,116.54327898140414,117.50248292363791,2454000,48.51754756395438
2023-12-28,116.54328155517578,119.90049542713557,116.06367957346724,118.94129146371849,2052000,45.03338241266045
2023-12-29,117.50248718261719,118.46169115961814,115.10447724011479,116.54328320561623,1259000,46.414751464283654
2024-01-02,116.06368255615234,117.98209053228709,116.06368255615234,117.5024885382534,661000,44.60399815008238
2024-01-03,110.30845642089844,115.58407824972402,108.39004848314367,115.58407824972402,5340000,38.18659345731081
2024-01-04,105.0328369140625,111.26766284960046,104.55323491902112,111.26766284960046,3704000,33.437457124486656
2024-01-05,103.59402465820312,107.43084038628473,103.11442269219293,105.51243252224393,2787000,32.25911470938112
2024-01-08,100.71641540527344,105.03283320835659,100.2368134271531,104.55323123023624,5019000,29.983333244518633
2024-01-09,98.31840515136719,102.63482293850038,97.83880317501905,102.63482293850038,3412000,28.198073364668858
2024-01-10,99.75720977783203,100.23681174791776,97.8388018974891,98.79800583766057,1980000,30.858172729747665
2024-01-11,102.15522003173828,104.07362791965825,97.35920031193837,97.83880228391835,3991000,35.16916524649379
2024-01-12,100.23681640625,101.19602039099881,97.838806444378,101.19602039099881,2388000,33.376297681425015
2024-01-15,100.71641540527344,103.1144252958752,99.75721144903274,99.75721144903274,1328475,34.278321000156964
2024-01-16,104.0736312866211,105.51243724910894,100.71641737414944,101.1960193616454,4390000,40.364942915950245
2024-01-17,103.59402465820312,106.95123842027452,103.11442269219293,104.07362662421333,3921000,39.797896789509124
2024-01-18,101.19601440429688,104.55322815230672,100.71641244029547,103.59402422430391,1741000,36.999193576497284
2024-01-19,101.19601440429688,103.59402422430391,98.31840262028842,102.63482029630109,3916000,36.999193576497284
2024-01-22,104.55323028564453,105.51243423321925,101.67561844292037,101.67561844292037,2252000,43.45550745354537
2024-01-23,104.0736312866211,105.51243724910894,102.63482532413325,104.55323327411705,1281000,42.781020811851455
2024-01-24,103.11442565917969,105.51243555823038,102.1552216995594,104.5532315986101,1711000,41.39708353876345
2024-01-25,105.99203491210938,108.86964671967796,104.07362704039699,104.55322900832509,5498000,46.94229960288927
2024-01-26,101.67562103271484,107.4308448647553,101.67562103271484,105.9920389067452,3819000,40.718358839091565
2024-01-29,105.99203491210938,106.47163688003748,100.71641326490031,101.19601523282842,2904000,48.12533695898546
2024-01-30,106.47164154052734,108.39004949621253,105.51243756268475,106.47164154052734,1920000,48.88948565211864
2024-01-31,105.0328369140625,109.34925486943493,105.0328369140625,107.9104488843108,2444000,46.66849019961762
2024-02-01,106.47164154052734,107.91044750729122,105.51243756268475,105.99203955160606,1531000,49.15595519133493
2024-02-02,108.39004516601562,109.82885107529901,107.43084122649336,108.86964713577675,3605000,52.347366982069644
2024-02-05,109.34925079345703,110.3084547477856,106.95124090763561,109.82885277062131,3098000,53.90530478333679
2024-02-15,107.91044616699219,110.78805806477864,106.95124220106337,109.82885409884982,2478000,51.20123177668495
2024-02-16,106.47164154052734,109.8288554629764,106.47164154052734,108.39004949621253,2246000,48.57699948073637
2024-02-19,108.39004516601562,109.82885107529901,107.43084122649336,107.43084122649336,2152000,52.10202196565533
2024-02-20,106.47164154052734,109.8288554629764,105.51243756268475,109.8288554629764,2239000,48.520140492774765
2024-02-21,105.51243591308594,107.4308438387784,105.51243591308594,106.95124185735528,1358000,46.788136856725295
2024-02-22,102.63482666015625,106.95124460380768,102.1552246664172,106.47164261006863,3301000,41.95014630230016
2024-02-23,104.55323028564453,106.47163818079397,103.11442436428246,103.59402633806981,2338000,45.96179614427059
2024-02-26,103.59402465820312,105.99203448825412,102.63482072618272,105.03283055623373,1372000,44.31284445387761
2024-02-27,101.67562103271484,105.51243692074182,100.7164170607081,104.0736309627317,1755000,41.13430194725051
2024-02-29,101.67562103271484,103.11442699072495,101.19601904671147,102.15522301871822,942000,41.13430194725052
2024-03-01,103.11442565917969,103.59402763898983,101.19601773993914,102.63482367936955,1061000,44.59136314044232
2024-03-04,102.63482666015625,104.55323463511243,102.63482666015625,104.0736326413734,1474000,43.67070977536976
2024-03-05,112.70646667480469,112.70646667480469,103.59402894365027,103.59402894365027,10030000,61.600566620104374
2024-03-06,114.14527130126953,119.90049506435875,113.18606734075466,113.18606734075466,15706000,63.393196635642944
2024-03-07,113.6656723022461,119.90049820912036,113.18607030940962,117.98209023777443,8770000,62.34835144398686
2024-03-08,109.34925079345703,116.06367847375702,105.99203695330704,115.58407649659273,8031000,53.76018735767454
2024-03-11,107.43084716796875,109.82885714939663,106.95124517168317,109.82885714939663,2007000,50.43505685134988
2024-03-12,112.22686004638672,112.70646201239693,107.91044235229492,108.39004431830513,2743000,57.51051304463697
2024-03-13,112.22686004638672,112.22686004638672,112.22686004638672,112.22686004638672,0,57.51051304463697
2024-03-14,108.8696517944336,111.26766174585283,106.9512438332982,108.39004980414974,1743000,51.537783138723924
2024-03-15,110.30845642089844,111.7472623742145,108.39004848314367,108.39004848314367,1614000,53.754466468563564
2024-03-18,110.30845642089844,110.30845642089844,110.30845642089844,110.30845642089844,0,53.754466468563564
2024-03-19,111.74726104736328,112.22686302610732,110.30845511113114,110.30845511113114,1392000,56.08411998951789
2024-03-20,111.74726104736328,111.74726104736328,111.74726104736328,111.74726104736328,0,56.08411998951789
2024-03-21,113.18606567382812,115.58407553979906,112.22686172743975,115.10447356660487,2094000,58.50823287123881
2024-03-22,122.77810668945312,124.21691262722015,114.14527106285095,114.62487304210663,11784000,70.28451025755045
2024-03-25,119.42089080810547,131.41094008602772,118.94128883698859,127.5741243170926,17187000,63.492173432309116
2024-03-26,119.42089080810547,119.42089080810547,119.42089080810547,119.42089080810547,0,63.49217343230912
2024-03-27,118.46168518066406,119.42088910925244,114.62486946631057,117.0228792877815,4412000,61.52205541222348
2024-03-28,120.85969543457031,120.85969543457031,115.58407380845811,117.98208363850912,3259000,64.48868173153394
2024-03-29,119.90049743652344,120.85970141601562,118.46169146728515,119.90049743652344,1580000,62.415740365173875
2024-04-01,119.90049743652344,123.73731335449219,117.98208947753906,118.94129345703125,2925000,62.41574036517388
2024-04-02,118.46168518066406,123.25770482360593,117.98208321636987,120.859695002135,3032000,59.110281347801376
2024-04-03,115.58407592773438,117.98208580175375,115.10447395293049,117.98208580175375,1758000,53.05822774069479
2024-04-08,119.42089080810547,120.38009475033925,116.54327898140414,116.54327898140414,2469000,59.0748618528721
2024-04-09,120.38009643554688,122.7781063247012,117.02288259073083,118.94129050205429,4178000,60.439998041552094
2024-04-10,119.90049743652344,123.2577113647461,119.90049743652344,122.778109375,3184000,59.373573219094496
2024-04-11,117.98208618164062,122.29850396877382,113.1860664181593,116.0636782762481,4667000,55.17953872158803
2024-04-12,117.50248718261719,119.90049712511957,117.02288519411671,118.46169115961814,1646000,54.14973051293819
2024-04-15,110.78805541992188,117.02288104961445,109.82885147689225,117.02288104961445,4863000,42.258900794153114
2024-04-16,105.0328369140625,109.34925486943493,104.07363292397974,108.86965287439355,2638000,35.13670200140042
2024-04-17,106.95124053955078,107.91044449057814,105.51243461300973,105.51243461300973,964000,38.837086981424676
2024-04-18,107.43084716796875,108.3900511605399,105.03283718654087,106.4716431753976,777000,39.76230923700195
2024-04-19,108.8696517944336,108.8696517944336,99.27761198875662,105.51243786244666,2326000,42.56906811504255
2024-04-22,101.67562103271484,108.86965082276542,101.19601904671147,108.86965082276542,1436000,34.03088944199982
2024-04-23,102.63482666015625,105.03283662885148,102.1552246664172,103.11442865389529,541000,35.87762539161302
2024-04-24,105.51243591308594,105.99203789450905,104.07362996881658,104.5532319502397,589000,41.195965254507364
2024-04-25,102.63482666015625,108.39005058502482,102.63482666015625,106.47164261006863,1376000,37.81803889436748
2024-04-26,101.67562103271484,104.55323294873507,100.7164170607081,103.11442699072495,1063000,36.73670388937562
2024-04-29,100.23681640625,103.59403035287082,97.838806444378,102.15522437574761,3529000,35.11479595568066
2024-04-30,97.83880615234375,100.23681610705806,97.83880615234375,100.23681610705806,2179000,32.536511166255906
2024-05-02,95.3448715209961,98.31840222213404,94.57750545444331,97.83880026007485,3711000,30.06416858424535
2024-05-03,93.04278564453125,96.87960154739852,93.04278564453125,96.3999995595401,3248000,27.95270929527497
2024-05-06,89.6855697631836,94.48158953661587,89.58965083134403,93.71422344560855,3631000,25.175814215204838
2024-05-07,90.54885864257812,90.54885864257812,86.5201974704239,90.16517558073309,4746000,27.17914604623526
2024-05-08,92.94686126708984,93.9060651866302,90.64477039656396,91.12437235633413,3972000,32.57902600176649
2024-05-09,91.41213989257812,94.38567069119973,91.31621364250532,93.13870262170741,2256000,30.994922814349152
2024-05-10,89.97333526611328,91.41214122035936,88.3426841270804,91.41214122035936,1711000,29.544549784945005
2024-05-13,90.83660888671875,90.83660888671875,89.30188406837985,90.16516906561586,778000,31.612301881753126
2024-05-14,90.83660888671875,91.7958128129487,89.97333120762794,90.54885209973688,851000,31.612301881753126
2024-05-15,90.35700988769531,92.0835799388061,90.35700988769531,91.89174207452508,620000,31.025618895988785
2024-05-16,90.16516876220703,91.69989357538152,90.06924983353585,91.60397464671034,1176000,30.779549411282815
2024-05-17,90.45293426513672,90.83660998575466,89.5896492574558,90.6447721254457,828000,31.65518733656522
2024-05-20,89.49372863769531,91.0284534456279,89.49372863769531,91.0284534456279,748000,30.280176214736514
2024-05-21,88.05492401123047,90.26108866710952,87.7671599039594,89.6855677707126,1168000,28.294800308381284
2024-05-22,91.508056640625,91.79581342953973,88.24676180590805,88.3426807355463,1797000,38.685476756426105
2024-05-23,89.49372863769531,91.50805540549092,89.01412667783231,91.50805540549092,1277000,35.45768734416518
2024-05-24,90.83660888671875,90.83660888671875,88.63044424727696,89.97333120762794,609000,39.10545690393796
2024-05-27,91.79581451416016,93.04278256862669,90.64477270861053,91.12437468061377,1751000,41.64256058239452
2024-05-28,93.61830139160156,94.48158638565793,91.60397461756682,92.08357657891534,2012000,46.226759194862865
2024-05-29,92.65910339355469,93.81015256527664,92.08358246676652,93.81015256527664,1323000,44.25628526903651
2024-05-30,91.12437438964844,92.46726137059864,91.02845545918314,92.46726137059864,949000,41.22812439986097
2024-05-31,90.16516876220703,91.69989357538152,90.16516876220703,91.12437268520924,772000,39.41299287032366
2024-06-03,89.87741088867188,91.1243790022771,89.78149195335125,90.26109394810007,815000,38.860253583261695
2024-06-04,89.6855697631836,92.7550194909221,89.6855697631836,90.2610906723664,1494000,38.47287576316141
2024-06-05,88.72636413574219,90.26108897067732,88.4386000275033,90.26108897067732,729000,36.51298807956095
2024-06-06,87.76715850830078,89.49372848818115,87.67123958011746,89.49372848818115,973000,34.614038268782465
2024-06-07,88.4385986328125,88.82228166503187,86.42427186134232,87.95899667207459,1285000,37.080812882187665
2024-06-11,84.12218475341797,88.63044777713512,83.54666383838794,88.63044777713512,2750000,29.40160441608171
2024-06-12,85.27323150634766,85.75283347509185,83.54666149161042,83.54666149161042,1145000,33.364627553404546
2024-06-13,83.83442687988281,85.36915173966341,82.10785683878876,85.17731387649536,3149000,31.020535753502458
2024-06-14,85.65691375732422,85.752832686562,83.93034375846347,83.93034375846347,1098000,37.05320131975092
2024-06-17,94.1938247680664,94.1938247680664,85.36915137356299,85.84875334757176,6449000,56.32257156956904
2024-06-18,95.63262939453125,101.19601514492254,94.57750652963504,98.31840333985365,12643000,58.62164503565613
2024-06-19,95.24895477294922,99.75721039226458,94.96119066186725,96.87959855402617,7629000,57.748705876405296
2024-06-20,97.35919952392578,99.27760739631842,94.673425575318,95.63262951151431,4644000,61.17331294302262
2024-06-21,96.4000015258789,98.31840951644367,95.24895965879834,96.8796035235201,2400000,58.83880841705328
2024-06-24,97.35919952392578,101.19601526871104,97.35919952392578,97.35919952392578,6929000,60.463660602195404
2024-06-25,95.3448715209961,97.35919829801566,89.7814858338514,96.87959633595646,4926000,55.50814084865892
2024-06-26,94.09790802001953,97.35920298257224,94.00198908662148,96.87960099743643,1770000,52.63235958291776
2024-06-27,92.08358001708984,94.38567098114618,92.08358001708984,94.00198793411255,1306000,48.28089353345982
2024-06-28,94.28974914550781,95.53670986228829,92.17949611087553,92.65909807536306,937000,52.87621811492553
2024-07-01,93.04278564453125,95.4407955838233,93.04278564453125,94.76935572807974,900000,50.16321575969119
2024-07-02,92.37134552001953,94.28975346587127,92.17950033454703,92.27541926821051,832000,48.71384197880153
2024-07-03,92.85094451904297,94.5775072238708,92.65909933974301,92.75501827032033,909000,49.82891720202737
2024-07-04,93.234619140625,93.9060662830298,92.3713414574756,93.61830217654986,797000,50.7514189771201
2024-07-05,94.38567352294922,94.9611944499257,93.52238847341168,94.1938283351933,1116000,53.51302952840642
2024-07-08,91.89173889160156,94.57750548923389,91.89173889160156,94.57750548923389,1386000,47.321460008501816
2024-07-09,89.97333526611328,93.04278504124672,89.20596916325717,93.04278504124672,1633000,43.182522866410004
2024-07-10,94.67343139648438,96.87960351264447,90.06925661053326,90.16517554642158,3047000,53.835884144574315
2024-07-11,95.24895477294922,97.35920052706591,94.00198671578778,95.92039460794672,3050000,54.94977486545022
2024-07-12,97.35919952392578,100.23681133251472,93.52238377914054,94.2897498553557,6276000,58.86868415377987
2024-07-15,99.75720977783203,104.07362750860361,99.27760780774629,100.7164137180035,9718000,62.826080017572345
2024-07-16,98.31840515136719,100.71641503310785,97.83880317501905,99.75721108041158,3208000,59.148866947960364
2024-07-17,97.83880615234375,100.23681610705806,97.3592041614009,98.31840814328662,1820000,57.931683310369365
2024-07-18,98.31840515136719,102.15522096215224,95.72855740634543,95.92039526962652,5726000,58.843757316561124
2024-07-19,96.87960052490234,99.75721242168161,96.39999854210579,98.79800845608852,2218000,54.99180286586579
2024-07-22,93.04278564453125,96.87960154739852,91.12437769309761,96.87960154739852,2484000,46.2897910076486
2024-07-23,96.4000015258789,96.8796035235201,93.52238954003178,94.00199153767296,1141000,53.2594096125391
2024-07-26,97.0999984741211,98.4000015258789,93.80000305175781,94.19999694824219,1701000,54.58275887995186
2024-07-29,90.69999694824219,98.4000015258789,90.69999694824219,97.4000015258789,1630000,42.683735414218255
2024-07-30,88.9000015258789,91.0,86.9000015258789,90.5999984741211,1484000,40.039954748631956
2024-07-31,88.0,90.69999694824219,87.5,88.9000015258789,1132000,38.747650116500864
2024-08-01,89.69999694824219,90.30000305175781,89.19999694824219,89.19999694824219,528000,42.52135084211851
2024-08-02,84.5999984741211,87.9000015258789,84.5,86.5999984741211,1833000,35.462681203418185
2024-08-05,76.19999694824219,80.80000305175781,76.19999694824219,80.5999984741211,1681000,27.39597030783503
2024-08-06,72.80000305175781,78.0999984741211,68.5999984741211,76.0999984741211,3038000,24.924606455343294
2024-08-07,80.0,80.0,73.0,73.0,1665000,37.73427545289114
2024-08-08,78.5999984741211,79.5,77.80000305175781,79.5,767000,36.4325750522164
2024-08-09,80.4000015258789,82.30000305175781,80.19999694824219,80.19999694824219,808000,39.33042180206075
2024-08-12,86.0,88.4000015258789,82.0,82.0,3191000,47.3690405768479
2024-08-13,85.69999694824219,87.5,84.5,87.0,1014000,47.009688402230225
2024-08-14,84.80000305175781,87.4000015258789,84.5999984741211,87.0,848000,45.88509407053892
2024-08-15,86.9000015258789,88.19999694824219,83.69999694824219,85.0,1175000,48.953671771180446
2024-08-16,91.0,92.69999694824219,87.5,87.5,2542000,54.39138723831675
2024-08-19,91.80000305175781,93.9000015258789,90.5999984741211,91.5999984741211,1065000,55.389954376434545
2024-08-20,91.5,92.80000305175781,91.30000305175781,91.80000305175781,1007000,54.904490427476695
2024-08-21,91.5,93.19999694824219,90.30000305175781,91.5,784000,54.90449042747668
2024-08-22,91.0,92.9000015258789,91.0,92.19999694824219,450000,53.98984709488314
2024-08-23,90.30000305175781,91.30000305175781,89.19999694824219,90.0999984741211,676000,52.66704853176332
2024-08-26,90.9000015258789,92.5,90.5,92.0,652000,53.71386658185541
2024-08-27,91.30000305175781,91.9000015258789,90.80000305175781,91.5,372000,54.43732408387337
2024-08-28,90.69999694824219,91.5999984741211,90.5999984741211,91.4000015258789,426000,53.096695970472794
2024-08-29,96.5,99.19999694824219,89.80000305175781,90.5,3905000,62.66763051680233
2024-08-30,95.5,97.30000305175781,95.5,96.9000015258789,1293000,60.37992591227576
2024-09-02,94.30000305175781,96.19999694824219,94.19999694824219,96.19999694824219,650000,57.659766379191296
2024-09-03,93.0999984741211,94.80000305175781,92.80000305175781,94.69999694824219,977000,54.99176000010931
2024-09-04,87.0,91.30000305175781,86.4000015258789,89.0999984741211,2032000,43.8773608437002
2024-09-05,87.19999694824219,89.5,87.0,88.19999694824219,1100000,44.275025119186765
2024-09-06,92.9000015258789,95.5,86.80000305175781,87.69999694824219,2698000,54.2291670154915
2024-09-09,91.80000305175781,95.0,90.80000305175781,92.9000015258789,1979000,52.288023121604326
2024-09-10,90.0,92.5999984741211,89.0,91.9000015258789,1684000,49.18541463872514
2024-09-11,94.5,96.19999694824219,87.9000015258789,89.0,5359000,56.18498902913
2024-09-12,95.0,96.5,94.5,95.30000305175781,1733000,56.895463376960755
2024-09-13,97.0,97.5,93.4000015258789,96.19999694824219,2611000,59.709760828620524
2024-09-16,95.9000015258789,98.30000305175781,94.80000305175781,97.30000305175781,1830000,57.486651605952446
2024-09-18,93.5,96.4000015258789,93.4000015258789,96.30000305175781,901000,52.86215513712137
2024-09-19,95.30000305175781,95.9000015258789,93.0,93.69999694824219,921000,55.738058606090604
2024-09-20,94.4000015258789,98.19999694824219,94.0,96.19999694824219,1827000,53.96520410793058
2024-09-23,98.5,100.0,95.0,95.4000015258789,5217000,60.179019391597244
2024-09-24,101.0,104.0,97.5,98.9000015258789,5551000,63.42123678433517
2024-09-25,99.0,104.5,98.5,104.0,3551000,59.26408005325312
2024-09-26,97.9000015258789,101.0,97.80000305175781,99.4000015258789,2180000,57.049161665021224
2024-09-27,98.0999984741211,101.0,97.5,98.5,1831000,57.36118514470956
2024-09-30,96.0,99.5,96.0,99.5,1421000,53.006793776901446
2024-10-01,95.19999694824219,96.69999694824219,94.5,96.5999984741211,741000,51.40583871441492
2024-10-04,91.5999984741211,95.80000305175781,91.5999984741211,95.80000305175781,1461000,44.84239503993786
2024-10-07,94.69999694824219,96.0,91.69999694824219,92.19999694824219,1012000,50.68182143708485
2024-10-08,93.0999984741211,94.0,92.0999984741211,94.0,741000,47.86520638217417
2024-10-09,94.69999694824219,98.5999984741211,94.4000015258789,94.4000015258789,2107000,50.809244686971
2024-10-11,91.80000305175781,94.19999694824219,91.4000015258789,94.19999694824219,1625000,45.76483974702068
2024-10-14,91.80000305175781,92.5,91.19999694824219,92.5,1228000,45.76483974702068
2024-10-15,91.19999694824219,93.5,91.19999694824219,92.80000305175781,982000,44.699955876407145
2024-10-16,91.19999694824219,91.5999984741211,89.19999694824219,90.80000305175781,610000,44.699955876407145
2024-10-17,90.0,91.69999694824219,89.80000305175781,91.19999694824219,1269000,42.41097382219531
2024-10-18,88.80000305175781,90.69999694824219,88.19999694824219,90.4000015258789,1458000,40.1943839071044
2024-10-21,90.80000305175781,91.5,88.9000015258789,89.0999984741211,1052000,45.323498089811984
2024-10-22,93.19999694824219,94.30000305175781,90.30000305175781,91.0,1408000,50.778784513965704
2024-10-23,92.69999694824219,93.0999984741211,91.69999694824219,93.0999984741211,806000,49.66697822913613
2024-10-24,90.19999694824219,92.80000305175781,90.0,92.80000305175781,1055000,44.42895295242419
2024-10-25,90.4000015258789,91.0,90.0,90.80000305175781,335000,44.92933849746693
2024-10-28,89.5,91.0,89.4000015258789,90.9000015258789,475000,43.050778050847676
2024-10-29,88.9000015258789,89.80000305175781,88.80000305175781,89.5,487000,41.79612750907599
2024-10-30,88.80000305175781,89.9000015258789,88.5999984741211,89.19999694824219,479000,41.578637187834246
2024-11-01,89.4000015258789,89.80000305175781,87.5999984741211,88.19999694824219,299000,43.47907899392545
2024-11-04,88.4000015258789,90.30000305175781,88.30000305175781,90.30000305175781,391000,41.08050457009564
2024-11-05,86.4000015258789,88.5999984741211,86.19999694824219,88.4000015258789,893000,36.71772468039008
2024-11-06,86.0,87.0,85.9000015258789,86.9000015258789,863000,35.89662203482675
2024-11-07,90.69999694824219,91.9000015258789,86.5999984741211,86.5999984741211,1909000,50.03521837045416
2024-11-08,89.0999984741211,91.0,89.0,90.19999694824219,682000,46.292057122542104
2024-11-11,90.4000015258789,91.30000305175781,88.5999984741211,88.80000305175781,699000,49.591752313352345
2024-11-12,89.0,90.4000015258789,88.5,90.4000015258789,474000,46.293214519314425
2024-11-13,89.0999984741211,89.5999984741211,88.5999984741211,89.0,203000,46.56659932452664
2024-11-14,88.80000305175781,89.5,88.0999984741211,89.30000305175781,313000,45.813171748722226
2024-11-15,89.19999694824219,90.4000015258789,88.80000305175781,88.9000015258789,312000,47.04346867523932
2024-11-18,88.0,89.5,87.9000015258789,89.5,442000,43.82844806431044
2024-11-19,88.5999984741211,89.4000015258789,88.0999984741211,88.0999984741211,173000,45.822152872818656
2024-11-20,89.0,89.69999694824219,88.5999984741211,89.4000015258789,273345,47.168428997517275
2024-11-21,92.19999694824219,92.80000305175781,89.0,89.0999984741211,1639000,56.48443265076287
2024-11-22,95.69999694824219,98.0,91.69999694824219,92.5,3695000,63.968270899281926
2024-11-25,96.0999984741211,97.5,94.0999984741211,97.0,1619000,64.71514325963892
2024-11-26,97.0999984741211,99.30000305175781,95.80000305175781,96.0999984741211,2586000,66.58018420656916
2024-11-27,96.0,102.0,95.30000305175781,98.0,7251000,62.65693474677497
2024-11-28,95.0,100.0,91.19999694824219,96.5,4800000,59.23946514189835
2024-11-29,100.0,100.5,94.0999984741211,94.5999984741211,4123000,68.49282856838718
2024-12-02,110.0,110.0,101.5,103.0,14957000,78.83949506935933
2024-12-03,116.0,118.0,110.5,112.0,24745000,82.54358854966472
2024-12-04,121.0,124.0,114.0,117.5,19382000,84.91357417078441
2024-12-05,120.0,124.5,116.0,123.0,9053000,82.50108657600336
2024-12-06,118.5,121.5,116.5,121.0,6050000,78.8808616386334
2024-12-09,121.5,121.5,110.5,118.5,8728000,80.70453024623663
2024-12-10,114.5,120.0,113.5,118.5,6696000,66.31509928998182
2024-12-11,119.0,120.0,112.0,115.0,13229000,70.01620479747245
2024-12-12,120.0,129.5,120.0,123.0,23602000,70.7844199636879
2024-12-13,121.0,125.0,119.0,120.5,12279000,71.56888721048077
2024-12-16,119.5,129.0,117.0,124.5,17568000,68.59365944801553
2024-12-17,122.5,124.0,114.5,119.5,8446000,71.17464349131735
2024-12-18,119.0,121.5,117.5,121.0,4423000,64.51348231900981
2024-12-19,122.0,123.0,112.0,113.5,6784000,67.3353733178273
2024-12-20,125.5,127.5,121.0,123.0,11389000,70.30245108786332
2024-12-23,124.5,126.5,121.0,125.0,11059000,68.39098443924681
2024-12-24,115.5,125.5,112.5,125.5,18403000,54.12708964690922
2024-12-25,119.0,122.0,117.0,117.5,8215000,57.81208974327054
2024-12-26,118.0,121.0,117.5,120.0,4031000,56.417608988906984
2024-12-27,115.5,119.0,113.5,119.0,3724000,52.97721877665773
2024-12-30,113.0,115.5,112.0,115.5,2618000,49.71251737247992
2024-12-31,112.0,114.5,111.5,112.0,1868000,48.4269751970243
2025-01-02,107.5,114.5,107.0,113.0,3845000,43.033988266210365
2025-01-03,104.5,109.0,103.5,108.5,4192000,39.84801490690406
2025-01-06,102.0,104.5,99.19999694824219,104.5,7278000,37.365430783046534
2025-01-07,104.5,107.5,102.0,103.0,4167000,41.303591998859055
2025-01-08,106.0,108.5,104.0,104.0,3798000,43.595154686732265
2025-01-09,106.5,113.5,105.0,107.0,10395000,44.37472592878956
2025-01-10,109.0,111.0,104.0,106.0,4638000,48.22766249304862
2025-01-13,102.5,108.0,100.5,107.5,7138000,40.393550819349855
2025-01-14,104.0,104.0,101.5,102.5,1822000,42.70647642053308
2025-01-15,103.5,105.5,102.5,104.5,1640000,42.119774009386376
2025-01-16,105.0,107.0,102.5,105.5,2831000,44.57957473070627
2025-01-17,104.0,105.0,103.0,105.0,1138000,43.25965894796193
2025-01-20,107.5,107.5,104.0,104.0,1710000,48.95613858584303
2025-01-21,107.5,108.5,106.5,108.5,1441000,48.95613858584303
2025-01-22,108.0,112.0,106.5,108.0,2269000,49.791289577451764
2025-02-03,104.0,106.0,101.0,102.5,3527106,43.63981726041521
2025-02-04,108.5,110.5,104.0,105.5,6123165,50.97749162719819
2025-02-05,118.0,118.0,108.0,110.5,8894191,62.17379363360716
2025-02-06,116.0,118.0,115.0,118.0,3477323,59.11287201260913
2025-02-07,117.5,118.5,115.5,118.0,2401218,60.676532960312855
2025-02-10,118.0,122.5,116.0,117.5,7456121,61.20906973970545
2025-02-11,122.5,127.0,119.0,119.0,10497640,65.70991022247492
2025-02-12,121.0,126.0,120.0,122.5,6265436,63.08245431374213
2025-02-13,119.0,123.5,116.0,122.5,7718120,59.657214715570696
2025-02-14,125.0,128.0,118.5,119.5,10959977,65.67809152328701
2025-02-17,132.0,137.5,126.5,127.0,34640685,71.0975930937474
2025-02-18,134.0,137.5,129.5,132.0,17476740,72.43676033766123
2025-02-19,129.0,135.5,129.0,134.5,9048087,64.4027907088722
2025-02-20,131.0,132.5,127.0,129.5,5202918,66.02595720967703
2025-02-21,132.5,133.0,129.5,131.5,3625842,67.23275094752844
2025-02-24,131.5,132.5,127.5,130.0,4879404,65.56080016740972
2025-02-25,130.0,135.0,129.5,131.5,6346325,63.028834426703234
2025-02-26,135.0,135.5,130.0,130.0,5952278,67.53031230015031
2025-02-27,138.5,145.0,135.0,138.0,16571999,70.26001555491982
